generation,x,y,v_x,v_y,theta
1,0.012098530215129414,1.4034173171150668,0.10641888804980545,-0.14659073143431073,-0.05465096093989403
