generation,x,y,v_x,v_y,theta
1,0.028299428576623768,1.3917850689932543,-0.03684734788471178,-0.2687265899842544,-0.0860610460742885
